"year","Rio","edad_consumo","transicion_label","N_mar","consumption_kg","consumption_se_kg","consumo_min_kg","consumo_max_kg","consumo_anchoveta_kg","consumo_sardina_kg","consumo_otros_kg","consumo_total_poblacional_t","consumo_se_poblacional_t","consumo_lower_poblacional_t","consumo_upper_poblacional_t","consumo_cv_poblacional","consumo_anchoveta_poblacional_t","consumo_sardina_poblacional_t","consumo_otros_poblacional_t","prop_anchoveta","prop_sardina","prop_otros"
2015,"Bueno",1,"1 → 2",36843.9088143501,16.1539661226268,0.655074958325474,14.8700427971348,17.4378894481188,2.57171140672219,2.81402089856159,10.768233817343,595.175254812163,24.135522031108,547.870500883118,642.480008741207,0.0405519581601643,94.7519005660964,103.679529388279,396.743824857787,0.1592,0.1742,0.6666
2015,"Imperial",1,"1 → 2",41975.9788848613,16.1539661226268,0.655074958325474,14.8700427971348,17.4378894481188,2.57171140672219,2.81402089856159,10.768233817343,678.078540870147,27.4974126186715,624.184602469514,731.97247927078,0.0405519581601643,107.950103706528,118.12128181958,452.007155344039,0.1592,0.1742,0.6666
2015,"Tolten",1,"1 → 2",41320.9495697275,16.1539661226268,0.655074958325474,14.8700427971348,17.4378894481188,2.57171140672219,2.81402089856159,10.768233817343,667.497219504148,27.0683193173583,614.444288520097,720.5501504882,0.0405519581601643,106.265557345061,116.278015637623,444.953646521464,0.1592,0.1742,0.6666
2015,"Valdivia",1,"1 → 2",7965.37696485705,16.1539661226268,0.655074958325474,14.8700427971348,17.4378894481188,2.57171140672219,2.81402089856159,10.768233817343,128.672429644253,5.21791898330042,118.445496362736,138.899362925769,0.0405519581601643,20.484650799365,22.4147372440288,85.7730416008586,0.1592,0.1742,0.6666
2015,"Bueno",2,"2 → 3",43665.8041082734,27.3741225123362,1.04254136724598,25.3307789801409,29.4174660445315,5.80878879711774,11.365735667122,10.2023354603477,1195.31307125955,45.5234071169345,1106.0888328568,1284.5373096623,0.0380849237003362,253.645433721276,496.293987186965,445.493181658434,0.2122,0.4152,0.3727
2015,"Imperial",2,"2 → 3",49748.1111592993,27.3741225123362,1.04254136724598,25.3307789801409,29.4174660445315,5.80878879711774,11.365735667122,10.2023354603477,1361.81088963198,51.8644638259209,1260.15840845569,1463.46337080827,0.0380849237003362,288.976270779906,565.423881375198,507.546918565838,0.2122,0.4152,0.3727
2015,"Tolten",2,"2 → 3",48971.7988004794,27.3741225123362,1.04254136724598,25.3307789801409,29.4174660445315,5.80878879711774,11.365735667122,10.2023354603477,1340.5600200138,51.0551260779468,1240.49381167487,1440.62622835273,0.0380849237003362,284.466836246929,556.600520309731,499.626719459144,0.2122,0.4152,0.3727
2015,"Valdivia",2,"2 → 3",9440.21960179568,27.3741225123362,1.04254136724598,25.3307789801409,29.4174660445315,5.80878879711774,11.365735667122,10.2023354603477,258.417727922913,9.84181945075837,239.12811625708,277.707339588745,0.0380849237003362,54.836241865242,107.295040633593,96.3122871968695,0.2122,0.4152,0.3727
2015,"Bueno",3,"3 → 4",57830.5586456281,56.1905645401801,4.00764303883803,48.3357285211649,64.0454005591953,17.604074016848,24.6316570574444,13.9548334658877,3249.53173797184,231.764235788266,2795.28218292239,3703.78129302129,0.0713223487187478,1018.05343483331,1424.46248799954,807.015815138992,0.313292350075249,0.438359309236538,0.248348340688213
2015,"Imperial",3,"3 → 4",65885.9058858367,56.1905645401801,4.00764303883803,48.3357285211649,64.0454005591953,17.604074016848,24.6316570574444,13.9548334658877,3702.16624696634,264.047192080911,3184.64326026882,4219.68923366385,0.0713223487187478,1159.86036388135,1622.87903869899,919.426844386001,0.313292350075249,0.438359309236538,0.248348340688213
2015,"Tolten",3,"3 → 4",64857.765483733,56.1905645401801,4.00764303883803,48.3357285211649,64.0454005591953,17.604074016848,24.6316570574444,13.9548334658877,3644.39445734556,259.926772355472,3134.9473449111,4153.84156978003,0.0713223487187478,1141.76090414301,1597.55423690747,905.079316295093,0.313292350075249,0.438359309236538,0.248348340688213
2015,"Valdivia",3,"3 → 4",12502.5333772753,56.1905645401801,4.00764303883803,48.3357285211649,64.0454005591953,17.604074016848,24.6316570574444,13.9548334658877,702.524408651544,50.1056908572775,604.319059150782,800.729758152305,0.0713223487187478,220.095522971667,307.958114498297,174.470771181579,0.313292350075249,0.438359309236538,0.248348340688213
2015,"Bueno",4,"4 → 5",5921.73242368011,67.8569297363694,1.180310334921,65.5435639893438,70.170295483395,8.04359301380207,37.1586306911899,22.6547060313775,401.830580991242,6.98948198030642,388.131448039249,415.529713943234,0.0173941016710691,47.6320055527185,220.043468183574,134.155107254949,0.11853753249745,0.547602593214203,0.333859874288347
2015,"Imperial",4,"4 → 5",6746.58371430396,67.8569297363694,1.180310334921,65.5435639893438,70.170295483395,8.04359301380207,37.1586306911899,22.6547060313775,457.802457062058,7.96306248340267,442.195141387946,473.409772736169,0.0173941016710691,54.2667736314062,250.693812667017,152.841870763635,0.11853753249745,0.547602593214203,0.333859874288347
2015,"Tolten",4,"4 → 5",6641.30421333043,67.8569297363694,1.180310334921,65.5435639893438,70.170295483395,8.04359301380207,37.1586306911899,22.6547060313775,450.658513361817,7.83880000034829,435.294747679122,466.022279044512,0.0173941016710691,53.4199481728789,246.781770570989,150.45679461795,0.11853753249745,0.547602593214203,0.333859874288347
2015,"Valdivia",4,"4 → 5",1280.23417051931,67.8569297363694,1.180310334921,65.5435639893438,70.170295483395,8.04359301380207,37.1586306911899,22.6547060313775,86.872760155028,1.51107362258296,83.9111102767769,89.8344100332791,0.0173941016710691,10.2976826300198,47.5717487405689,29.0033287844394,0.11853753249745,0.547602593214203,0.333859874288347
2016,"Bueno",1,"1 → 2",70487.6179972777,19.2036021998753,1.44154339797074,16.3782290577011,22.0289753420494,3.05721347022015,3.34526750321827,12.8011212264369,1353.61617603649,101.610960362659,1154.46235329115,1552.76999878183,0.075066301778533,215.49569522501,235.799937865556,902.320542945927,0.1592,0.1742,0.6666
2016,"Imperial",1,"1 → 2",80305.9952082364,19.2036021998753,1.44154339797074,16.3782290577011,22.0289753420494,3.05721347022015,3.34526750321827,12.8011212264369,1542.16438624406,115.764577209903,1315.26998422714,1769.05878826098,0.075066301778533,245.512570290055,268.645036083715,1028.0067798703,0.1592,0.1742,0.6666
2016,"Tolten",1,"1 → 2",79052.8313168907,19.2036021998753,1.44154339797074,16.3782290577011,22.0289753420494,3.05721347022015,3.34526750321827,12.8011212264369,1518.09912538341,113.958087075758,1294.74537896784,1741.45287179898,0.075066301778533,241.68138076104,264.45286764179,1011.96487698059,0.1592,0.1742,0.6666
2016,"Valdivia",1,"1 → 2",15238.8947527869,19.2036021998753,1.44154339797074,16.3782290577011,22.0289753420494,3.05721347022015,3.34526750321827,12.8011212264369,292.641672798287,21.9675281232509,249.586108847343,335.697236749229,0.075066301778533,46.5885543094873,50.9781794014614,195.074939087338,0.1592,0.1742,0.6666
2016,"Bueno",2,"2 → 3",24508.8860220158,45.5652238085571,1.94531405435003,41.7524783234115,49.3779692937028,9.66894049217582,18.9186809253129,16.9821589134492,1116.75287689157,47.6774804350903,1023.30673236518,1210.19902141796,0.0426929551037276,236.97496047639,463.675794485378,416.213797217486,0.2122,0.4152,0.3727
2016,"Imperial",2,"2 → 3",27922.783310953,45.5652238085571,1.94531405435003,41.7524783234115,49.3779692937028,9.66894049217582,18.9186809253129,16.9821589134492,1272.30787092142,54.3185828113673,1165.84540491988,1378.77033692295,0.0426929551037276,269.983730209525,528.262228006572,474.189143492411,0.2122,0.4152,0.3727
2016,"Tolten",2,"2 → 3",27487.0521591203,45.5652238085571,1.94531405435003,41.7524783234115,49.3779692937028,9.66894049217582,18.9186809253129,16.9821589134492,1252.4536834678,53.4709488777891,1147.65254944815,1357.25481748745,0.0426929551037276,265.770671631867,520.01876937583,466.789487828448,0.2122,0.4152,0.3727
2016,"Valdivia",2,"2 → 3",5298.63748001774,45.5652238085571,1.94531405435003,41.7524783234115,49.3779692937028,9.66894049217582,18.9186809253129,16.9821589134492,241.433602657417,10.3075139587843,221.231246528056,261.635958786779,0.0426929551037276,51.232210483904,100.24323182336,89.9823037104193,0.2122,0.4152,0.3727
2016,"Bueno",3,"3 → 4",12317.0651886204,54.356893452954,1.26437161187063,51.8787706306127,56.8350162752953,17.0295988926659,23.827850266281,13.4994442940071,669.517400110928,15.5733475660516,638.994199762742,700.040600459114,0.0232605568779413,209.754679697024,293.489185034469,166.273535379435,0.313292350075249,0.438359309236538,0.248348340688213
2016,"Imperial",3,"3 → 4",14032.7366156009,54.356893452954,1.26437161187063,51.8787706306127,56.8350162752953,17.0295988926659,23.827850266281,13.4994442940071,762.775969067584,17.7425938136233,728.001124200559,797.550813934609,0.0232605568779413,238.971875930109,334.369946902697,189.434146234778,0.313292350075249,0.438359309236538,0.248348340688213
2016,"Tolten",3,"3 → 4",13813.7577114999,54.356893452954,1.26437161187063,51.8787706306127,56.8350162752953,17.0295988926659,23.827850266281,13.4994442940071,750.872956108922,17.4657231036795,716.640767861761,785.105144356083,0.0232605568779413,235.242753027314,329.152150364304,186.478052717304,0.313292350075249,0.438359309236538,0.248348340688213
2016,"Valdivia",3,"3 → 4",2662.85718549675,54.356893452954,1.26437161187063,51.8787706306127,56.8350162752953,17.0295988926659,23.827850266281,13.4994442940071,144.74464431248,3.36684103180782,138.145757148465,151.343531476495,0.0232605568779413,45.3473897774629,63.450162296507,35.9470922385099,0.313292350075249,0.438359309236538,0.248348340688213
2016,"Bueno",4,"4 → 5",480.713845451611,64.9770875585443,3.82272977801323,57.4846748710096,72.469500246079,7.7022236280606,35.5816216465652,21.6932422839185,31.2353856265139,1.83763913171112,27.6336791117786,34.8370921412491,0.0588319655689239,3.70256553877327,17.1045781691246,10.428241918616,0.11853753249745,0.547602593214203,0.333859874288347
2016,"Imperial",4,"4 → 5",547.673547017306,64.9770875585443,3.82272977801323,57.4846748710096,72.469500246079,7.7022236280606,35.5816216465652,21.6932422839185,35.586232018042,2.09360797681318,31.4828357857424,39.6896282503416,0.0588319655689239,4.21830413430045,19.4871129358021,11.8808149479394,0.11853753249745,0.547602593214203,0.333859874288347
2016,"Tolten",4,"4 → 5",539.127177451899,64.9770875585443,3.82272977801323,57.4846748710096,72.469500246079,7.7022236280606,35.5816216465652,21.6932422839185,35.0309138144829,2.0609375153816,30.9915505099475,39.0702771190183,0.0588319655689239,4.15247808469964,19.1830192474741,11.6954164823092,0.11853753249745,0.547602593214203,0.333859874288347
2016,"Valdivia",4,"4 → 5",103.9267307533,64.9770875585443,3.82272977801323,57.4846748710096,72.469500246079,7.7022236280606,35.5816216465652,21.6932422839185,6.75285628383043,0.397283808382203,5.97419432776041,7.53151823990046,0.0588319655689239,0.80046692119516,3.69788161262837,2.2545077500069,0.11853753249745,0.547602593214203,0.333859874288347
2017,"Bueno",1,"1 → 2",61526.6048594529,15.2093903369975,0.456737772617155,14.3142007522889,16.1045799217062,2.42133494165001,2.64947579670497,10.1385795986426,935.782149417626,28.1015244602023,880.704173564963,990.860125270296,0.0300299855876616,148.976518187287,163.013250428551,623.792380801794,0.1592,0.1742,0.6666
2017,"Imperial",1,"1 → 2",70096.782603905,15.2093903369975,0.456737772617155,14.3142007522889,16.1045799217062,2.42133494165001,2.64947579670497,10.1385795986426,1066.12932799045,32.0158483541365,1003.37941828185,1128.87923769905,0.0300299855876616,169.72778901608,185.719728935936,710.681810038437,0.1592,0.1742,0.6666
2017,"Tolten",1,"1 → 2",69002.9320559984,15.2093903369975,0.456737772617155,14.3142007522889,16.1045799217062,2.42133494165001,2.64947579670497,10.1385795986426,1049.492528037,31.5162454913096,987.721821946112,1111.26323412789,0.0300299855876616,167.07921046349,182.821598384045,699.591719189467,0.1592,0.1742,0.6666
2017,"Valdivia",1,"1 → 2",13301.5908692747,15.2093903369975,0.456737772617155,14.3142007522889,16.1045799217062,2.42133494165001,2.64947579670497,10.1385795986426,202.309087633841,6.07533898589721,190.401642027611,214.216533240072,0.0300299855876616,32.2076067513076,35.2422430658151,134.859237816719,0.1592,0.1742,0.6666
2017,"Bueno",2,"2 → 3",56726.4425438302,41.2278575402757,1.73718851046768,37.8230306254023,44.6326844551491,8.7485513700465,17.1178064507225,15.3656225052608,2338.70969196367,98.5445242268468,2145.56597360541,2531.85341032192,0.0421362790625395,496.27419663469,971.032264103316,871.637102194861,0.2122,0.4152,0.3727
2017,"Imperial",2,"2 → 3",64627.9949945403,41.2278575402757,1.73718851046768,37.8230306254023,44.6326844551491,8.7485513700465,17.1178064507225,15.3656225052608,2664.47377074856,112.271010359078,2444.42663393684,2884.52090756027,0.0421362790625395,565.401334152844,1106.2895096148,993.049374357991,0.2122,0.4152,0.3727
2017,"Tolten",2,"2 → 3",63619.4841170246,41.2278575402757,1.73718851046768,37.8230306254023,44.6326844551491,8.7485513700465,17.1178064507225,15.3656225052608,2622.89502796252,110.519036849976,2406.28169613052,2839.50835979453,0.0421362790625395,556.578324933647,1089.02601561004,977.552976921635,0.2122,0.4152,0.3727
2017,"Valdivia",2,"2 → 3",12263.8317506889,41.2278575402757,1.73718851046768,37.8230306254023,44.6326844551491,8.7485513700465,17.1178064507225,15.3656225052608,505.611508315312,21.3045876116055,463.855283891087,547.367732739536,0.0421362790625395,107.290762064509,209.929898252518,188.441409149117,0.2122,0.4152,0.3727
2017,"Bueno",3,"3 → 4",10423.586096718,52.9065937416379,1.79518101327575,49.3881036098873,56.4250838733885,16.5752310877942,23.1920978866425,13.1392647672012,551.476434950044,18.7122238510732,514.801150131289,588.151719768799,0.0339311395105546,172.77334831662,241.74482908493,136.958257548495,0.313292350075249,0.438359309236538,0.248348340688213
2017,"Imperial",3,"3 → 4",11875.5106062458,52.9065937416379,1.79518101327575,49.3881036098873,56.4250838733885,16.5752310877942,23.1920978866425,13.1392647672012,628.292815119158,21.3186911632873,586.508948241583,670.076681996734,0.0339311395105546,196.839332584075,275.418004433914,156.03547810117,0.313292350075249,0.438359309236538,0.248348340688213
2017,"Tolten",3,"3 → 4",11690.1949141303,52.9065937416379,1.79518101327575,49.3881036098873,56.4250838733885,16.5752310877942,23.1920978866425,13.1392647672012,618.488393082453,20.9860159513394,577.356557638845,659.620228526062,0.0339311395105546,193.767682163066,271.12014476244,153.600566156947,0.313292350075249,0.438359309236538,0.248348340688213
2017,"Valdivia",3,"3 → 4",2253.50119620489,52.9065937416379,1.79518101327575,49.3881036098873,56.4250838733885,16.5752310877942,23.1920978866425,13.1392647672012,119.225072283907,4.04544256082121,111.296150563172,127.153994004642,0.0339311395105546,37.3523030837167,52.2634203300498,29.6093488701407,0.313292350075249,0.438359309236538,0.248348340688213
2017,"Bueno",4,"4 → 5",1425.70546615435,65.5967904658299,1.13508586876908,63.3720630436822,67.8215178879777,7.77568168157173,35.9209725656172,21.900136218641,93.5217027293152,1.61829812765864,90.3498966828558,96.6935087757748,0.0173039848551791,11.0858318764931,51.2127269363809,31.2231439164413,0.11853753249745,0.547602593214203,0.333859874288347
2017,"Imperial",4,"4 → 5",1624.29515404776,65.5967904658299,1.13508586876908,63.3720630436822,67.8215178879777,7.77568168157173,35.9209725656172,21.900136218641,106.548548874734,1.84371447606971,102.934934903862,110.162162845606,0.0173039848551791,12.6300020747949,58.3462616670146,35.5722851329244,0.11853753249745,0.547602593214203,0.333859874288347
2017,"Tolten",4,"4 → 5",1598.94825397309,65.5967904658299,1.13508586876908,63.3720630436822,67.8215178879777,7.77568168157173,35.9209725656172,21.900136218641,104.885873581577,1.81494356797785,101.328649554368,108.443097608787,0.0173039848551791,12.4329126481997,57.4357763648089,35.0171845685689,0.11853753249745,0.547602593214203,0.333859874288347
2017,"Valdivia",4,"4 → 5",308.226837060067,65.5967904658299,1.13508586876908,63.3720630436822,67.8215178879777,7.77568168157173,35.9209725656172,21.900136218641,20.2186912465747,0.349863927122272,19.5329705499253,20.9044119432241,0.0173039848551791,2.39667377069676,11.0718077580216,6.75020971785633,0.11853753249745,0.547602593214203,0.333859874288347
2018,"Bueno",1,"1 → 2",46523.2216392231,17.0935080104781,0.649063756569155,15.8213664239323,18.3656495970239,2.72128647526812,2.97768909542529,11.3945324397847,795.245061763308,30.1965370048535,736.060936775965,854.429186750651,0.0379713605990817,126.603013832719,138.531689759169,530.110358171421,0.1592,0.1742,0.6666
2018,"Imperial",1,"1 → 2",53003.5447385305,17.0935080104781,0.649063756569155,15.8213664239323,18.3656495970239,2.72128647526812,2.97768909542529,11.3945324397847,906.016516571805,34.4026798594719,838.58850307558,973.444530068031,0.0379713605990817,144.237829438232,157.828077186809,603.950609946765,0.1592,0.1742,0.6666
2018,"Tolten",1,"1 → 2",52176.4317912666,17.0935080104781,0.649063756569155,15.8213664239323,18.3656495970239,2.72128647526812,2.97768909542529,11.3945324397847,891.87825478218,33.8658308228138,825.502446062939,958.25406350142,0.0379713605990817,141.987018161323,155.365191983056,594.526044637801,0.1592,0.1742,0.6666
2018,"Valdivia",1,"1 → 2",10057.9718575265,17.0935080104781,0.649063756569155,15.8213664239323,18.3656495970239,2.72128647526812,2.97768909542529,11.3945324397847,171.926022515793,6.52826499731299,159.130858239526,184.721186792059,0.0379713605990817,27.3706227845142,29.9495131222511,114.605886609027,0.1592,0.1742,0.6666
2018,"Bueno",2,"2 → 3",39479.2137045065,26.6222865215833,0.979810309614392,24.7018936030581,28.5426794401086,5.64924919987998,11.0535733637614,9.9221261865941,1051.02693888819,38.6821406031453,975.211336461113,1126.84254131527,0.0368041380976062,223.027916432074,436.386385026377,391.717740123629,0.2122,0.4152,0.3727
2018,"Imperial",2,"2 → 3",44978.3612591574,26.6222865215833,0.979810309614392,24.7018936030581,28.5426794401086,5.64924919987998,11.0535733637614,9.9221261865941,1197.42682071257,44.070262071283,1111.05069426362,1283.80294716153,0.0368041380976062,254.093971355208,497.17161595986,446.280976079575,0.2122,0.4152,0.3727
2018,"Tolten",2,"2 → 3",44276.4801844541,26.6222865215833,0.979810309614392,24.7018936030581,28.5426794401086,5.64924919987998,11.0535733637614,9.9221261865941,1178.74114163774,43.3825517581655,1093.7129026343,1263.76938064119,0.0368041380976062,250.128870255529,489.413322007991,439.316823488387,0.2122,0.4152,0.3727
2018,"Valdivia",2,"2 → 3",8535.11013223616,26.6222865215833,0.979810309614392,24.7018936030581,28.5426794401086,5.64924919987998,11.0535733637614,9.9221261865941,227.22414743366,8.36278890125925,210.833382376881,243.61491249044,0.0368041380976062,48.2169640854226,94.3434660144557,84.686439748525,0.2122,0.4152,0.3727
2018,"Bueno",3,"3 → 4",23487.3944605634,53.2667188039644,2.30796698077921,48.7431866441295,57.7902509637992,16.6880555148914,23.3499620602027,13.2287012288702,1251.09643616862,54.2081308795168,1144.85045197554,1357.34242036171,0.0433284991567274,391.958942658035,548.42976954717,310.707723963414,0.313292350075249,0.438359309236538,0.248348340688213
2018,"Imperial",3,"3 → 4",26759.0059161427,53.2667188039644,2.30796698077921,48.7431866441295,57.7902509637992,16.6880555148914,23.3499620602027,13.2287012288702,1425.36444360879,61.7589020929329,1304.31921978191,1546.40966743567,0.0433284991567274,446.555776251897,624.821772910672,353.986894446222,0.313292350075249,0.438359309236538,0.248348340688213
2018,"Tolten",3,"3 → 4",26341.4353487715,53.2667188039644,2.30796698077921,48.7431866441295,57.7902509637992,16.6880555148914,23.3499620602027,13.2287012288702,1403.12182961582,60.7951630112949,1283.96549967944,1522.2781595522,0.0433284991567274,439.587335442222,615.071516005097,348.462978168498,0.313292350075249,0.438359309236538,0.248348340688213
2018,"Valdivia",3,"3 → 4",5077.79865983751,53.2667188039644,2.30796698077921,48.7431866441295,57.7902509637992,16.6880555148914,23.3499620602027,13.2287012288702,270.477673356712,11.7193916419499,247.50808781777,293.447258895653,0.0433284991567274,84.7385859288095,118.566406056554,67.1726813713479,0.313292350075249,0.438359309236538,0.248348340688213
2018,"Bueno",4,"4 → 5",363.228124935484,66.0628039545155,1.16363472489936,63.7821218025526,68.3434861064784,7.83092177063105,36.1761627604942,22.0557194233903,23.9958684083791,0.422664859235012,23.1674605067478,24.8242763100105,0.0176140680571253,2.84441103126278,13.1401997668552,8.01125761026119,0.11853753249745,0.547602593214203,0.333859874288347
2018,"Imperial",4,"4 → 5",413.822978976141,66.0628039545155,1.16363472489936,63.7821218025526,68.3434861064784,7.83092177063105,36.1761627604942,22.0557194233903,27.3383063319744,0.481538788297935,26.3945076497514,28.2821050141974,0.0176140680571253,3.24061537525166,14.9705274414734,9.12716351524931,0.11853753249745,0.547602593214203,0.333859874288347
2018,"Tolten",4,"4 → 5",407.365328917547,66.0628039545155,1.16363472489936,63.7821218025526,68.3434861064784,7.83092177063105,36.1761627604942,22.0557194233903,26.9116958621466,0.474024442448507,25.9826250271559,27.8407666971374,0.0176140680571253,3.1900460228207,14.7369144419034,8.98473539742252,0.11853753249745,0.547602593214203,0.333859874288347
2018,"Valdivia",4,"4 → 5",78.527198455731,66.0628039545155,1.16363472489936,63.7821218025526,68.3434861064784,7.83092177063105,36.1761627604942,22.0557194233903,5.18772691667829,0.091376974972152,5.00863133671665,5.36682249663992,0.0176140680571253,0.614940347973649,2.84081271246015,1.73197385624449,0.11853753249745,0.547602593214203,0.333859874288347
2019,"Bueno",1,"1 → 2",34031.558201202,17.1769007009764,1.66290769806426,13.917661503156,20.4361398987967,2.73456259159544,2.99221610211009,11.4501220072709,584.556695921546,56.5913401099007,473.639707469282,695.473684373806,0.0968106951896004,93.06142599071,101.829776429533,389.665493501304,0.1592,0.1742,0.6666
2019,"Imperial",1,"1 → 2",38771.8896947276,17.1769007009764,1.66290769806426,13.917661503156,20.4361398987967,2.73456259159544,2.99221610211009,11.4501220072709,665.980899275546,64.4740738418609,539.614036608921,792.347761942167,0.0968106951896004,106.024159164667,116.0138726538,443.94286745708,0.1592,0.1742,0.6666
2019,"Tolten",1,"1 → 2",38166.8597459837,17.1769007009764,1.66290769806426,13.917661503156,20.4361398987967,2.73456259159544,2.99221610211009,11.4501220072709,655.588359924855,63.4679648825352,531.193434583032,779.983285266675,0.0968106951896004,104.369666900037,114.20349229891,437.01520072591,0.1592,0.1742,0.6666
2019,"Valdivia",1,"1 → 2",7357.36783900812,17.1769007009764,1.66290769806426,13.917661503156,20.4361398987967,2.73456259159544,2.99221610211009,11.4501220072709,126.3767767912,12.234623616977,102.397355137521,150.356198444878,0.0968106951896004,20.119182865159,22.014834517027,84.242759409014,0.1592,0.1742,0.6666
2019,"Bueno",2,"2 → 3",34818.7458893521,46.1137097086344,1.22849177417088,43.7059100759557,48.521509341313,9.78532920017221,19.146412271025,17.186579608408,1605.62154036029,42.7745429120152,1521.78497679758,1689.458103923,0.0266404889550852,340.712890864453,666.654063557592,598.415148092279,0.2122,0.4152,0.3727
2019,"Imperial",2,"2 → 3",39668.7265081804,46.1137097086344,1.22849177417088,43.7059100759557,48.521509341313,9.78532920017221,19.146412271025,17.186579608408,1829.27213870944,48.732704207134,1733.75779359421,1924.78648382467,0.0266404889550852,388.171547834143,759.51379199216,681.769726097007,0.2122,0.4152,0.3727
2019,"Tolten",2,"2 → 3",39049.7015456379,46.1137097086344,1.22849177417088,43.7059100759557,48.521509341313,9.78532920017221,19.146412271025,17.186579608408,1800.72660128436,47.9722371326441,1706.70274424656,1894.75045832215,0.0266404889550852,382.11418479254,747.661684853265,671.130804298679,0.2122,0.4152,0.3727
2019,"Valdivia",2,"2 → 3",7527.55191773341,46.1137097086344,1.22849177417088,43.7059100759557,48.521509341313,9.78532920017221,19.146412271025,17.186579608408,347.123343951033,9.24753561057973,328.998507208544,365.24818069352,0.0266404889550852,73.6595735864091,144.125612408469,129.37287029055,0.2122,0.4152,0.3727
2019,"Bueno",3,"3 → 4",17453.5445538406,58.5016566092559,1.24463826534529,56.0622104353988,60.9411027831131,18.328121482409,25.6447457804266,14.5287893464203,1021.06127010313,21.7233494176189,978.48428762102,1063.63825258524,0.021275265308442,319.890684881429,447.591713050591,253.578872171111,0.313292350075249,0.438359309236538,0.248348340688213
2019,"Imperial",3,"3 → 4",19884.6876250179,58.5016566092559,1.24463826534529,56.0622104353988,60.9411027831131,18.328121482409,25.6447457804266,14.5287893464203,1163.28716722112,24.7492431125352,1114.77954207592,1211.79479236631,0.021275265308442,364.448970431083,509.937759066779,288.900437723256,0.313292350075249,0.438359309236538,0.248348340688213
2019,"Tolten",3,"3 → 4",19574.3898389343,58.5016566092559,1.24463826534529,56.0622104353988,60.9411027831131,18.328121482409,25.6447457804266,14.5287893464203,1145.13423269304,24.3630346143237,1097.38356229487,1192.88490309122,0.021275265308442,358.76179491202,501.980251226436,284.392186554586,0.313292350075249,0.438359309236538,0.248348340688213
2019,"Valdivia",3,"3 → 4",3773.32552973099,58.5016566092559,1.24463826534529,56.0622104353988,60.9411027831131,18.328121482409,25.6447457804266,14.5287893464203,220.745794415261,4.69642534190748,211.540969889041,229.950618941481,0.021275265308442,69.1579687015849,96.7659739567448,54.8218517569313,0.313292350075249,0.438359309236538,0.248348340688213
2019,"Bueno",4,"4 → 5",4657.93637742759,61.2413894724381,1.12775342747962,59.0310333711364,63.4517455737397,7.25940319477812,33.5359436871481,20.4460425905119,285.25849582788,5.25300371462597,274.962797736558,295.554193919202,0.0184148896227635,33.8138382193711,156.20829205173,95.2363655567792,0.11853753249745,0.547602593214203,0.333859874288347
2019,"Imperial",4,"4 → 5",5306.75070365431,61.2413894724381,1.12775342747962,59.0310333711364,63.4517455737397,7.25940319477812,33.5359436871481,20.4460425905119,324.992786675629,5.98470629482603,313.262977879719,336.722595471537,0.0184148896227635,38.5238430119991,177.966892759484,108.502050904145,0.11853753249745,0.547602593214203,0.333859874288347
2019,"Tolten",4,"4 → 5",5223.93959665105,61.2413894724381,1.12775342747962,59.0310333711364,63.4517455737397,7.25940319477812,33.5359436871481,20.4460425905119,319.921319418998,5.89131578506973,308.374552658709,331.468086179287,0.0184148896227635,37.9226837972566,175.189744138353,106.808891483389,0.11853753249745,0.547602593214203,0.333859874288347
2019,"Valdivia",4,"4 → 5",1007.01093663766,61.2413894724381,1.12775342747962,59.0310333711364,63.4517455737397,7.25940319477812,33.5359436871481,20.4460425905119,61.6707489736316,1.13566003530258,59.444896205757,63.8966017415061,0.0184148896227635,7.31029841060394,33.7710620634228,20.5893884996049,0.11853753249745,0.547602593214203,0.333859874288347
2020,"Bueno",1,"1 → 2",21181.9502927711,11.8342805740918,2.27955309280274,7.36643861135157,16.3021225368321,1.88401746739542,2.0615316760068,7.88873143068961,250.673142871119,48.2853803014803,156.035536500399,345.310749241841,0.192622870357937,39.9071643450823,43.6672614881491,167.098717037888,0.1592,0.1742,0.6666
2020,"Imperial",1,"1 → 2",24132.4312984739,11.8342805740918,2.27955309280274,7.36643861135157,16.3021225368321,1.88401746739542,2.0615316760068,7.88873143068961,285.589962921135,55.0111584032858,177.770073702867,393.409852139404,0.192622870357937,45.4659220970448,49.7497715408619,190.374269283229,0.1592,0.1742,0.6666
2020,"Tolten",1,"1 → 2",23755.8480628735,11.8342805740918,2.27955309280274,7.36643861135157,16.3021225368321,1.88401746739542,2.0615316760068,7.88873143068961,281.13337125154,54.1527169238753,174.995996415753,387.270746087329,0.192622870357937,44.7564327032453,48.9734332720185,187.403505276277,0.1592,0.1742,0.6666
2020,"Valdivia",1,"1 → 2",4579.37890854489,11.8342805740918,2.27955309280274,7.36643861135157,16.3021225368321,1.88401746739542,2.0615316760068,7.88873143068961,54.1936548587985,10.4389373540891,33.7337136079141,74.6535961096832,0.192622870357937,8.62762985352075,9.44053467640274,36.1254903288752,0.1592,0.1742,0.6666
2020,"Bueno",2,"2 → 3",27515.9927510254,26.4064193598901,1.23812530402801,23.9797383556475,28.8331003641327,5.60344218816869,10.9639453182264,9.84167249543105,726.598843687273,34.0682468904958,659.826306765482,793.371380609063,0.0468872847603357,154.18427463044,301.683839898956,270.803389042247,0.2122,0.4152,0.3727
2020,"Imperial",2,"2 → 3",31348.7566298389,26.4064193598901,1.23812530402801,23.9797383556475,28.8331003641327,5.60344218816869,10.9639453182264,9.84167249543105,827.808413978661,38.8136888332194,751.734981758407,903.881846198915,0.0468872847603357,175.660945446272,343.706053483941,308.524195889847,0.2122,0.4152,0.3727
2020,"Tolten",2,"2 → 3",30859.5636406328,26.4064193598901,1.23812530402801,23.9797383556475,28.8331003641327,5.60344218816869,10.9639453182264,9.84167249543105,814.890578757767,38.2080066147302,740.004261871827,889.776895643706,0.0468872847603357,172.919780812398,338.342568300226,303.70971870302,0.2122,0.4152,0.3727
2020,"Valdivia",2,"2 → 3",5948.75141854729,26.4064193598901,1.23812530402801,23.9797383556475,28.8331003641327,5.60344218816869,10.9639453182264,9.84167249543105,157.085224625901,7.36529965867592,142.649502559551,171.520946692251,0.0468872847603357,33.3334846656162,65.2217852646742,58.5456632180733,0.2122,0.4152,0.3727
2020,"Bueno",3,"3 → 4",25386.9633320633,46.7102092220598,0.576381100776168,45.580523023169,47.8398954209506,14.6339512196857,20.4758550488763,11.6004029534978,1185.83036875344,14.6325658706989,1157.15106664546,1214.50967086142,0.0123395101493992,371.511583017364,519.819781318466,294.499004417607,0.313292350075249,0.438359309236538,0.248348340688213
2020,"Imperial",3,"3 → 4",28923.1699640507,46.7102092220598,0.576381100776168,45.580523023169,47.8398954209506,14.6339512196857,20.4758550488763,11.6004029534978,1351.007320386,16.6707685418157,1318.33321444944,1383.68142632256,0.0123395101493992,423.260258372597,592.226635737915,335.520426275493,0.313292350075249,0.438359309236538,0.248348340688213
2020,"Tolten",3,"3 → 4",28471.8279175669,46.7102092220598,0.576381100776168,45.580523023169,47.8398954209506,14.6339512196857,20.4758550488763,11.6004029534978,1329.92503896403,16.4106235162368,1297.76080790836,1362.0892700197,0.0123395101493992,416.655340880959,582.985021416649,330.284676666424,0.313292350075249,0.438359309236538,0.248348340688213
2020,"Valdivia",3,"3 → 4",5488.47121383947,46.7102092220598,0.576381100776168,45.580523023169,47.8398954209506,14.6339512196857,20.4758550488763,11.6004029534978,256.367638707694,3.1634510798111,250.16738852441,262.567888890978,0.0123395101493992,80.318020013976,112.381141014507,63.668477679211,0.313292350075249,0.438359309236538,0.248348340688213
2020,"Bueno",4,"4 → 5",2502.27587874228,64.5160464843545,1.30870930712978,61.9510233761478,67.0810695925613,7.64757295674617,35.3291543587606,21.5393191688478,161.436946909616,3.27475173151637,155.018551457534,167.855342361698,0.0202850202150429,19.1363373405877,88.4032907682893,53.8973188007391,0.11853753249745,0.547602593214203,0.333859874288347
2020,"Imperial",4,"4 → 5",2850.82345576955,64.5160464843545,1.30870930712978,61.9510233761478,67.0810695925613,7.64757295674617,35.3291543587606,21.5393191688478,183.923858591116,3.73089918954949,176.61143054965,191.236286632583,0.0202850202150429,21.8018803648009,100.717181918458,61.404796307858,0.11853753249745,0.547602593214203,0.333859874288347
2020,"Tolten",4,"4 → 5",2806.3367520545,64.5160464843545,1.30870930712978,61.9510233761478,67.0810695925613,7.64757295674617,35.3291543587606,21.5393191688478,181.053752346301,3.67267902635408,173.855433727871,188.25207096473,0.0202850202150429,21.4616650525349,99.1455042959963,60.4465829977696,0.11853753249745,0.547602593214203,0.333859874288347
2020,"Valdivia",4,"4 → 5",540.973292076117,64.5160464843545,1.30870930712978,61.9510233761478,67.0810695925613,7.64757295674617,35.3291543587606,21.5393191688478,34.9014580583771,0.707976782248651,33.5138490632792,36.289067053475,0.0202850202150429,4.13713271880326,19.112128939724,11.6521963998498,0.11853753249745,0.547602593214203,0.333859874288347
2021,"Bueno",1,"1 → 2",3958.61105428284,13.8719699665344,0.603483119820964,12.6891647864075,15.0547751466614,2.20841761867228,2.4164971681703,9.24705517969185,54.9137336542026,2.38895494919636,50.2314679930893,59.5959993153164,0.0435037792957196,8.74226639774907,9.56597240256213,36.6054948538916,0.1592,0.1742,0.6666
2021,"Imperial",1,"1 → 2",4510.01479960334,13.8719699665344,0.603483119820964,12.6891647864075,15.0547751466614,2.20841761867228,2.4164971681703,9.24705517969185,62.5627898487232,2.72171780170334,57.2283209813034,67.8972587161435,0.0435037792957196,9.95999614391675,10.8984379916476,41.704355713159,0.1592,0.1742,0.6666
2021,"Tolten",1,"1 → 2",4439.63664562315,13.8719699665344,0.603483119820964,12.6891647864075,15.0547751466614,2.20841761867228,2.4164971681703,9.24705517969185,61.5865062104099,2.67924577377214,56.3352809880856,66.8377314327346,0.0435037792957196,9.80457178869726,10.7283693818534,41.0535650398593,0.1592,0.1742,0.6666
2021,"Valdivia",1,"1 → 2",855.822042756003,13.8719699665344,0.603483119820964,12.6891647864075,15.0547751466614,2.20841761867228,2.4164971681703,9.24705517969185,11.8719376738094,0.516474156373943,10.8596669283708,12.8842084192481,0.0435037792957196,1.89001247767046,2.0680915427776,7.91383365336136,0.1592,0.1742,0.6666
2021,"Bueno",2,"2 → 3",15037.5376234229,31.4535590904553,0.698830597040522,30.0838762889612,32.8232418919493,6.67444523899461,13.059517734357,11.7227414730127,472.984078213277,10.5086913953959,452.387421553654,493.580734872898,0.0222178544256565,100.367221396857,196.382989274152,176.281165950088,0.2122,0.4152,0.3727
2021,"Imperial",2,"2 → 3",17132.1497114133,31.4535590904553,0.698830597040522,30.0838762889612,32.8232418919493,6.67444523899461,13.059517734357,11.7227414730127,538.867083294465,11.9724704114146,515.40147248212,562.332694106808,0.0222178544256565,114.347595075085,223.737612983861,200.835761943847,0.2122,0.4152,0.3727
2021,"Tolten",2,"2 → 3",16864.8048968226,31.4535590904553,0.698830597040522,30.0838762889612,32.8232418919493,6.67444523899461,13.059517734357,11.7227414730127,530.45813737121,11.7856416750185,507.358704153478,553.557570588939,0.0222178544256565,112.563216750171,220.246218636525,197.70174779825,0.2122,0.4152,0.3727
2021,"Valdivia",2,"2 → 3",3251.00293775376,31.4535590904553,0.698830597040522,30.0838762889612,32.8232418919493,6.67444523899461,13.059517734357,11.7227414730127,102.255613005882,2.27190032397095,97.8027701944335,106.708455817329,0.0222178544256565,21.6986410798481,42.4565305200419,38.1106669672921,0.2122,0.4152,0.3727
2021,"Bueno",3,"3 → 4",17150.37765338,48.5803392720545,0.481074544592161,47.6374504907749,49.5232280533341,15.2198486579949,21.2956439657745,12.0648466482852,833.171165045062,8.25061011918336,817.000266360982,849.342063729143,0.00990265921977403,261.026152311901,365.228336384956,206.916676348207,0.313292350075249,0.438359309236538,0.248348340688213
2021,"Imperial",3,"3 → 4",19539.2919321656,48.5803392720545,0.481074544592161,47.6374504907749,49.5232280533341,15.2198486579949,21.2956439657745,12.0648466482852,949.225431200322,9.39985596791985,930.802052043336,967.648810357308,0.00990265921977403,297.385066091941,416.101804330729,235.738560777654,0.313292350075249,0.438359309236538,0.248348340688213
2021,"Tolten",3,"3 → 4",19234.3839978532,48.5803392720545,0.481074544592161,47.6374504907749,49.5232280533341,15.2198486579949,21.2956439657745,12.0648466482852,934.412900304685,9.25317252227798,916.277015418285,952.548785191084,0.00990265921977403,292.744413477085,409.608593519272,232.05989330833,0.313292350075249,0.438359309236538,0.248348340688213
2021,"Valdivia",3,"3 → 4",3707.78311788747,48.5803392720545,0.481074544592161,47.6374504907749,49.5232280533341,15.2198486579949,21.2956439657745,12.0648466482852,180.125361814169,1.78372007488422,176.629334708895,183.621388919443,0.00990265921977403,56.4318979109158,78.9596291808409,44.7338347224131,0.313292350075249,0.438359309236538,0.248348340688213
2021,"Bueno",4,"4 → 5",4907.73844398379,62.9674498817958,1.10723662374653,60.7973059768889,65.1375937867027,7.46400613664493,34.4811388433568,21.0223049017941,309.027774504512,5.43402774494766,298.377275833423,319.6782731756,0.0175842697429396,36.6313898629433,169.224410693885,103.171973947684,0.11853753249745,0.547602593214203,0.333859874288347
2021,"Imperial",4,"4 → 5",5591.34825610167,62.9674498817958,1.10723662374653,60.7973059768889,65.1375937867027,7.46400613664493,34.4811388433568,21.0223049017941,352.072941087748,6.19094556527706,339.938910749557,364.206971425939,0.0175842697429396,41.7338576956618,192.796055540203,117.543027851884,0.11853753249745,0.547602593214203,0.333859874288347
2021,"Tolten",4,"4 → 5",5504.09604385629,62.9674498817958,1.10723662374653,60.7973059768889,65.1375937867027,7.46400613664493,34.4811388433568,21.0223049017941,346.578891786111,6.09433672037607,334.634211304515,358.523572267708,0.0175842697429396,41.0826066480264,189.78749989538,115.708785242706,0.11853753249745,0.547602593214203,0.333859874288347
2021,"Valdivia",4,"4 → 5",1061.01627132532,62.9674498817958,1.10723662374653,60.7973059768889,65.1375937867027,7.46400613664493,34.4811388433568,21.0223049017941,66.8094888884469,1.17479607400238,64.5069308942233,69.1120468826706,0.0175842697429396,7.91943196025231,36.5850493666291,22.3050075615656,0.11853753249745,0.547602593214203,0.333859874288347
2022,"Bueno",1,"1 → 2",400.674340065816,11.0070048328713,0.571938765490034,9.88602545114856,12.1279842145941,1.75231516939311,1.91742024188618,7.33726942159202,4.41022439751196,0.229161187420777,3.96107672351281,4.85937207151112,0.0519613440871759,0.702107724083903,0.768261090046582,2.93985558338147,0.1592,0.1742,0.6666
2022,"Imperial",1,"1 → 2",456.485160764425,11.0070048328713,0.571938765490034,9.88602545114856,12.1279842145941,1.75231516939311,1.91742024188618,7.33726942159202,5.02453437066806,0.261081559312125,4.51282391738875,5.5362448239474,0.0519613440871759,0.799905871810354,0.875273887370376,3.34935461148733,0.1592,0.1742,0.6666
2022,"Tolten",1,"1 → 2",449.361773289781,11.0070048328713,0.571938765490034,9.88602545114856,12.1279842145941,1.75231516939311,1.91742024188618,7.33726942159202,4.94612721030824,0.25700741787377,4.44240192751602,5.44985249310048,0.0519613440871759,0.787423451881071,0.861615360035695,3.29708839839148,0.1592,0.1742,0.6666
2022,"Valdivia",1,"1 → 2",86.6227895322145,11.0070048328713,0.571938765490034,9.88602545114856,12.1279842145941,1.75231516939311,1.91742024188618,7.33726942159202,0.953457463017878,0.0495429313083578,0.856355101964958,1.0505598240708,0.0519613440871759,0.151790428112446,0.166092290057714,0.635574744847719,0.1592,0.1742,0.6666
2022,"Bueno",2,"2 → 3",641.078944105305,19.5265699154496,1.96021403744042,15.6846210000766,23.3685188308227,4.14353813605841,8.10743182889469,7.27755260748808,12.5180728233948,1.2566519453427,10.055080269421,14.9810653773688,0.100387013486146,2.65633505312439,5.19750383627355,4.66548574127927,0.2122,0.4152,0.3727
2022,"Imperial",2,"2 → 3",730.376257223079,19.5265699154496,1.96021403744042,15.6846210000766,23.3685188308227,4.14353813605841,8.10743182889469,7.27755260748808,14.2617430512509,1.43169379202187,11.4556747819985,17.0678113205033,0.100387013486146,3.02634187547543,5.92147571487937,5.3153516352012,0.2122,0.4152,0.3727
2022,"Tolten",2,"2 → 3",718.97883726365,19.5265699154496,1.96021403744042,15.6846210000766,23.3685188308227,4.14353813605841,8.10743182889469,7.27755260748808,14.0391905335573,1.4093524094268,11.2769105695561,16.8014704975586,0.100387013486146,2.97911623122087,5.82907190953301,5.23240631185682,0.2122,0.4152,0.3727
2022,"Valdivia",2,"2 → 3",138.596463251543,19.5265699154496,1.96021403744042,15.6846210000766,23.3685188308227,4.14353813605841,8.10743182889469,7.27755260748808,2.7063135297153,0.27167873280527,2.1738329980515,3.23879406137911,0.100387013486146,0.574279731005586,1.12366137753779,1.00864305252489,0.2122,0.4152,0.3727
2022,"Bueno",3,"3 → 4",5929.98023297407,45.6567499174271,1.31693759601225,43.0755996593564,48.2379001754979,14.3039104784287,20.0140613557887,11.3387780832097,270.743624512183,7.80941391241303,255.437454503488,286.049794520879,0.0288443132372324,84.8219063913129,118.682988221357,67.2387298995131,0.313292350075249,0.438359309236538,0.248348340688213
2022,"Imperial",3,"3 → 4",6755.98037931347,45.6567499174271,1.31693759601225,43.0755996593564,48.2379001754979,14.3039104784287,20.0140613557887,11.3387780832097,308.456106625359,8.89720455943901,291.017906125774,325.894307124946,0.0288443132372324,96.6369385397206,135.214605830084,76.6045622555543,0.313292350075249,0.438359309236538,0.248348340688213
2022,"Tolten",3,"3 → 4",6650.55424468876,45.6567499174271,1.31693759601225,43.0755996593564,48.2379001754979,14.3039104784287,20.0140613557887,11.3387780832097,303.642691962038,8.75836491914948,286.476612157046,320.80877176703,0.0288443132372324,95.128932547962,133.104600703202,75.4091587108742,0.313292350075249,0.438359309236538,0.248348340688213
2022,"Valdivia",3,"3 → 4",1282.01728507678,45.6567499174271,1.31693759601225,43.0755996593564,48.2379001754979,14.3039104784287,20.0140613557887,11.3387780832097,58.5327425745694,1.68833676145517,55.2236633283424,61.8418218207965,0.0288443132372324,18.3378604775365,25.6583726027083,14.5365094943246,0.313292350075249,0.438359309236538,0.248348340688213
2022,"Bueno",4,"4 → 5",1041.75328417112,64.8109022241285,4.07341068428657,56.8271639886862,72.7946404595709,7.68252442858169,35.4906181264849,21.6377596690619,67.5169702420792,4.24348895813326,59.1998847153447,75.8340557688139,0.0628507017260759,8.00329505419983,36.9724679905287,22.5412071973506,0.11853753249745,0.547602593214203,0.333859874288347
2022,"Imperial",4,"4 → 5",1186.8614179875,64.8109022241285,4.07341068428657,56.8271639886862,72.7946404595709,7.68252442858169,35.4906181264849,21.6377596690619,76.9215593147784,4.83457398079779,67.4459684318203,86.3971501977366,0.0628507017260759,9.11809183703007,42.1224453548527,25.6810221228955,0.11853753249745,0.547602593214203,0.333859874288347
2022,"Tolten",4,"4 → 5",1168.34061055343,64.8109022241285,4.07341068428657,56.8271639886862,72.7946404595709,7.68252442858169,35.4906181264849,21.6377596690619,75.7212090750569,4.75913112591424,66.3934834705615,85.0489346795525,0.0628507017260759,8.97580528148077,41.465130450816,25.2802733427602,0.11853753249745,0.547602593214203,0.333859874288347
2022,"Valdivia",4,"4 → 5",225.219252783757,64.8109022241285,4.07341068428657,56.8271639886862,72.7946404595709,7.68252442858169,35.4906181264849,21.6377596690619,14.5966629711594,0.917410510596394,12.7985714113519,16.3947545309668,0.0628507017260759,1.73025241129813,7.99317049528059,4.87324006458064,0.11853753249745,0.547602593214203,0.333859874288347
